company_name,description,location,salary
Spiralyze,"* Experience in project management, preferably in a , or digital agency setting.,Coordination. Running big A/B tests requires teams of 5-10 people …","Mumbai, Maharashtra","₹30,000 - ₹80,000 a month"
Damacloid technologies pvt ltd,"Write automation scripts based on business logic.,1-3 years overall agile testing and/or development experience.,Strong analytical and problem-solving skills.","Mumbai, Maharashtra","₹25,000 - ₹50,000 a month"
,"Coordinates with information technology (IT) contacts and business partners to design, develop, and troubleshoot end-to-end technical solutions.","Mumbai, Maharashtra",
Millionlights Bootcamp (DXC Technologies),"Course details : 4 weeks, 5 days a week daily 4 hours live mentoring with daily labs and assignments will require approximately 6-8 hours of your time…","Bengaluru, Karnataka","₹3,80,000 - ₹4,00,000 a year"
,"A day in the life of an Infoscion • As part of the Infosys Delivery team, you will work on implementing designs, developing high quality programs and systems,…","Bengaluru, Karnataka",
Millionlights For (DXC Technologies),"Course details : 4 weeks, 5 days a week daily 4 hours live mentoring with daily labs and assignments will require approximately 6-8 hours of your time…","Hyderabad, Telangana","₹3,80,000 - ₹4,00,000 a year"
Dymensions Inc,"Our strong expertise in Customer Relationship Management domain, combined with expertise across technology landscapes, makes us a preferred consulting partner…","Bengaluru, Karnataka","₹3,50,000 - ₹3,60,000 a year"
All Blue Infotech,"O Develop, test, implement and maintain application software.,O Conduct , programming, testing and debugging.,O Good into java, development experience.","Bengaluru, Karnataka","₹30,00,000 - ₹80,00,000 a year"
,,"Bengaluru, Karnataka",
ProductsUp,"We’re looking for hands-on engineers (Freshers welcome) with 1-3 years experience for our API/Backend Development team.,PHP Development: 1 year (Preferred).","Hyderabad, Telangana","₹12,00,000 a year"
,"Develop user interfaces business , components and embedded , components.,Interpret the applications features and component design developing the…","Bengaluru, Karnataka",
Sjm infotech pvt Ltd,"No previous experience required , we will provide you training and placement.,2011 - 2017 Batch BE (in any branch including non technical ).","Bengaluru, Karnataka","₹5,00,000 a year"
HSA Technologies,"Job Types: Full-time, Internship, Contract.,Google Cloud Platform: 1 year (Preferred).","Bengaluru, Karnataka","₹30,000 a month"
," Have a passion for delivering zero defect code., Effectively communicate status, issues, and risks in a precise and timely manner.","Bengaluru, Karnataka","₹8,00,000 - ₹15,00,000 a year"
EXPO,"The Company protects identities, transactions, communications, data and , licensing through a full spectrum of encryption technologies, including…","Mumbai, Maharashtra",
,"Incident Management Ø Identifies impact and validates priority.,Ø Provides technical and functional analysis Ø Provides the solution to users.","Pune, Maharashtra",
Midfin Systems Pvt Ltd,"Ultimately, you’ll build highly responsive web applications that align with our business needs.,To be successful in this role, you should have experience using…","Mumbai, Maharashtra","₹2,00,000 - ₹4,00,000 a year"
Kivi Capital,"Perform R& D; to build a , platform in Python for backtesting various kind of investment strategies using the above databases.","Gurgaon, Haryana","₹18,00,000 - ₹25,00,000 a year"
,Ability to leverage industry best integration patterns and practices to integrate multiple existing/new building blocks for seamless end-to-end customer…,"Pune, Maharashtra",
HeartShirt Pvt Ltd,"Working on hardware mainly digital display screens.,Working on Arduino/Raspberry pi, other micro-controllers.,Embedded system programming and controlling.","Thane, Maharashtra","₹15,000 - ₹25,000 a month"
futuremug,"The Test will have Coding questions (Languages – Java 8, C++, C, Python 2/3, JavaScript).,Associate , Engineer (Roles-Test Engineers/ Implementation…","Thiruvananthapuram, Kerala","₹4,50,000 a year"
IndiCoin,"The candidate should have basic understanding of front end technologies like Html, CSS and Javascript and relational Databases.","Bengaluru, Karnataka","₹5,000 - ₹10,000 a month"
Amber Road India,"The position will be for , development on Java.","Bengaluru, Karnataka",
Graphhene Software Pvt. Ltd.," Experience in using SQL server or oracle databases., Object-oriented , design / implementation., Ability to understand the , program design…","Noida, Uttar Pradesh","₹60,000 - ₹1,50,000 a month"
TrainerGoesOnline,"Designing and building the website front-end and back-end including database and server integration.,Generating WordPress themes and plugins.","Mumbai, Maharashtra","₹10,000 - ₹15,000 a month"
Humworld Solutions Private Limited,"Should be an individual contributor to work on any phase of the SDLC life cycle.,Strong research skills to create innovative ideas in the project.","Chennai, Tamil Nadu","₹3,00,000 - ₹3,25,000 a year"
Client of Peoplelan LLP,"Responsible for design methodology and project documentation.,Developing visual reports, dashboards and KPI scorecards using Power BI desktop.","Mumbai, Maharashtra","₹10,000 - ₹20,000 a month"
Iteanz Technologies,"Thus, a commitment to collaborative problem solving, sophisticated design, and product quality is essential.,Job Types: Full-time, Fresher.","Bengaluru, Karnataka","₹15,000 - ₹30,000 a month"
Thinkaerial Autonomus Systems Private Limited,"We are looking for a motivated member in our team who would take up tasks and complete them in time.,Total work: 1 year (Preferred).","Mumbai, Maharashtra","₹5,000 - ₹10,000 a month"
Vibry Business Solutions,"Trained in Java, testing, Python will be added advantage.,Job Types: Full-time, Fresher, Walk-In.,Total work: 1 year (Preferred).","Bengaluru, Karnataka","₹20,000 - ₹50,000 a month"
,"Power M-Query, DAX Expression, Basic Database Skills, Data Modelling, Data Visualization.,SQL, Working on Power BI with CRM / ERP.","Lower Parel, Mumbai, Maharashtra",
IMAGINARIUM (INDIA) PRIVATE LIMITED,"To understand the business process.,To create SRS of each process.,Total work: 1 year (Preferred).","Mumbai, Maharashtra","₹2,00,000 - ₹5,00,000 a year"
,"Ensure products meet all relevant specifications and quality standards.,Contribute into the design, development, test, and evolution of the system.","Pune, Maharashtra",
Martech Buddy,"Well-known and expert with using the library and server.,We are currently hiring four Full stack ,, Experienced and Fresher both are welcome, must be…","Pune, Maharashtra","₹30,000 a month"
GMoney Pvt. Ltd,"Experience in developing an Application from scratch.,At least 1-8 years' hands-on in TypeScript.,Familiar with front-end languages and libraries(e.g. HTML/CSS,…","Mumbai, Maharashtra","₹3,00,000 - ₹9,00,000 a year"
,"Do you have an Engineering Degree with 3 - 6 years of experience in design and development (explicitly code/test-code development within , project using…","Bengaluru, Karnataka",
Wohlig Transformations Pvt Ltd,"Ø Availability to resolve urgent web application issues outside of business hours.,Ø Knowledge of front-end technologies such as HTML5 and CSS3.","Mumbai, Maharashtra","₹50,000 - ₹90,000 a month"
,"Strong experience with HTML, CSS, JavaScript, Bootstrap & jQuery.,Excellent working knowledge of Adobe Design tools like Photoshop, Dreamweaver.","Mumbai, Maharashtra","₹12,000 - ₹15,000 a month"
Mindstorm,"Must have knowledge of Wordpress CMS, Elementor, WP Bakery so that one can edit layouts, widgets, design or tweak/ improve plugins if required.","Mumbai, Maharashtra","₹8,086 - ₹36,133 a month"
Atlantic CADD Services,"OVERALL 1 YERS EXP IN DEVELOPMENT OF WEB AND ENTERPRISE USING JAVA AND J2EE TECHNOLOGY.,OPERATING SYSTEM : - 2000 /2007/2010 ETC.","Mumbai, Maharashtra","₹20,000 - ₹30,000 a month"
Humworld Solutions Private Limited,"Should be an individual contributor to work on any phase of the SDLC life cycle.,Strong research skills to create innovative ideas in the project.","Chennai, Tamil Nadu","₹3,00,000 - ₹3,25,000 a year"
CodeMarks,"Participate in application design, data warehouse design, Code, unit test and debugging of the code.,The role is an integral part of the organization’s overall…","Bengaluru, Karnataka","₹4,00,000 a year"
Foxmula Private Limited,"The incumbent will be part of the transformation journey for Finlabs – setting up a new e-commerce arm in the organization.,Great at people skills (must have).","Bengaluru, Karnataka","₹4,00,000 - ₹11,00,000 a year"
InnoShri,"BIRT , Power BI Report Development.,Programming Languages : C, C++, Java, Java Script.,BIRT or Power BI: 1 year (Preferred).","Pune, Maharashtra",
,"Experience with developing and delivering SaaS software.,Working in an agile , development framework focused on development sprints and regular release…","Andheri, Mumbai, Maharashtra",
DCKAP,"*Have an eye for detail, with a commitment to accuracy.*.,*Have impressive verbal and written communication skills, with the ability to communicate with…","Chennai, Tamil Nadu","₹2,50,000 a month"
Sun Riddhi Consulting Pvt Ltd,"Compiling and assessing user feedback to improve , performance.,Observing user feedback to recommend improvements to existing , products.","Chennai, Tamil Nadu",
,"We offer organizations the technology, content, expertise and specialized focus to help them realize the potential of their people.,We're looking for a.","Mumbai, Maharashtra",
Strot Infotech LLP,"Create and maintain appropriate documentation which could include tool configuration, formal business requirements, metadata, KPI definitions and business rules…","Thane, Maharashtra","₹50,000 - ₹1,50,000 a month"
,"Reviewing the correctness and relevance of all technical content with quality and accuracy.,Ability to write clean, efficient code based on specifications in…","Bengaluru, Karnataka","₹5,00,000 a year"
,"We do so at scale, and we need engineers who are comfortable facing new technology challenges and working in a fast-paced environment.","Mumbai, Maharashtra",
Cnergee Technologies Pvt Ltd,"Understanding the nature of asynchronous programming and its quirks and workarounds- Integration of user-facing elements developed by front-end , with…","Navi Mumbai, Maharashtra","₹5,00,000 - ₹9,50,000 a year"
Dreamwares IT Solutions LLP,"Freshers and experienced in any technology can apply.,Dreamwares is hiring , Developers.,Saturday and Sunday off.,Temporarily due to COVID-19.","Nashik, Maharashtra",
VS career solutions,"Need 3-5 years of experience (sde-2) very good with HTML, css, Javascipt (must be comfortable to build things without any liabraries or framework.",,"₹18,00,000 a year"
Minuscule Technologies,"Please find the Job Description below and if you're interested in the below opportunity,*.,This is Poornima Palanisamy, Sr. Executive - Talent Acquisition from…","Chennai, Tamil Nadu","₹3,00,000 a month"
,"Attracting the best talent, exposing them to state-of-the-art technology and an informal work.,If you would like to be a part of a high-performa nce Team and if…","Coimbatore, Tamil Nadu","₹20,000 - ₹45,000 a month"
,"Implementing/developing the code as per design.,Understanding requirements of the modules/components assigned in-line with the overall project scope.","Bengaluru, Karnataka",
Bitkraft Technologies,"To be successful in this role, you should have experience using server-side logic and work well in a team.,Integrate user-facing elements into applications.","Mumbai, Maharashtra","₹2,00,000 - ₹7,00,000 a year"
Aurguz Group,"Design and update , database.,Maintain and improve the performance of existing software.,We have a job opening for , developer&Software testing.","Chennai, Tamil Nadu","₹2,75,000 a year"
C2L Biz,"Capable of developing robust, high quality code from the specifications.,3 to 8 years of relevant experience.,Hands-on experience in , development.","Mumbai, Maharashtra",
SEOReseller.com,"Knowledgeable in cloud server management using Amazon Web Services (AWS) and its services (EC2, RDS, Lambda, etc).,Writes tested and well-documented codes.","Mumbai, Maharashtra","₹1,50,000 - ₹3,00,000 a month"
,"Understanding of , skills such as business analysis, development, maintenance and , improvement.,Working proficiency in developmental toolsets.","Hyderabad, Telangana",
,"Key Skills : Content creation, storyboard writing, articulate, adobe 360,SEO, HTML.","Mysore, Karnataka","₹28,000 a month"
,"A. Relevant experience: 3+ years; Positions : 3.,3)Create different types of charts for QlikView Dashboard Analysis.,4)Implementing set analysis in QlikView.","Mumbai, Maharashtra",
GMoney Pvt. Ltd,"Expertise in developing REST APIs using Node Express.,Familiar to modern web development practices - source control using GIT, SVN, continuous integration,…","Mumbai, Maharashtra","₹3,00,000 - ₹9,00,000 a year"
Pixolo,Total work: 1 year (Preferred).,"Mumbai, Maharashtra","₹20,000 - ₹30,000 a month"
Synergos Tech Consulting Services Pvt. Ltd.,"Conducting keyword research and using SEO best practices to increase traffic to the company website.,Proficient in all Microsoft Office applications.","Bengaluru, Karnataka","₹3,60,000 - ₹5,00,000 a year"
,,"Navi Mumbai, Maharashtra",
,"A day in the life of an Infoscion • As part of the Infosys delivery team, your primary role would be to ensure effective Design, Development, Validation and…","Bengaluru, Karnataka",
Waavie,"Solid knowledge and experience in programming applications.,Solid ability in both written and verbal communication.,High degree of independent judgment.","Tirunelveli, Tamil Nadu","₹8,086 - ₹36,124 a month"
DESIGN ESTHETICS,"Work with , to design algorithms and flowcharts.,Experience with , design and development in a test-driven environment.","Bengaluru, Karnataka","₹15,000 - ₹25,000 a month"
,"We are pioneers in developing internet based analytical tools and trading solutions for financial market.,Freshers with Certification shall be considered.","Mumbai, Maharashtra",
,"We are now looking for an Integration Engineer to analyze, design, develop work-flows, & configure, integrate the Order Management module.","Bengaluru, Karnataka",
Zar Jewels Private Limited,"Minimum 3-4 years Experience *- Must*.,Minimum 3-4 Years Experience - Must *Triggers basic.,Net MVC,* Ajax, JQuery, HTML, Javascript -.","Mumbai, Maharashtra","₹40,000 a month"
Recruit CRM,"Min 3 years of relevant work experience designing and developing applications in high-paced environments, majorly in product based organization.",,"₹6,00,000 - ₹16,00,000 a year"
,"A strong background in data structures, algorithms, and object-oriented programming, preferably in C++.,A working knowledge of Linux.","Mumbai, Maharashtra","₹30,000 - ₹50,000 a month"
BetterWorks,"Learn exciting new technologies and grow into a fully independent full stack developer.,Work with senior , to implement solutions to meet the…",,
Midfin Systems Pvt Ltd,"Ensure new and legacy applications meet quality standards.,You will be working with our engineers to develop and maintain high quality mobile applications.","Mumbai, Maharashtra","₹2,00,000 - ₹4,00,000 a year"
Soft Designers,"The main scope of work will include everything from back-end to client-side code, using optimal and efficient technologies, frameworks, and patterns.","Bengaluru, Karnataka","₹7,000 - ₹9,000 a month"
nVent,"Awareness of Agile , development principles and best practices.,Blaze a trail for nVent, demonstrating a strong DevOps culture, implementing software…","Mumbai, Maharashtra",
,"Develop high quality , capable of supporting big data for both oltp as well as olap.,Employ agile techniques such as task estimation, test automation,…","Pune, Maharashtra",
,,"Bengaluru, Karnataka",
Mobillor Technologies,"You will also have regular exposure to business stakeholders and executive management, as well as the authority and scope to apply your expertise to many…",,"₹10,00,000 a year"
,"A day in the life of an Infoscion • As part of the Infosys delivery team, your primary role would be to ensure effective Design, Development, Validation and…","Bengaluru, Karnataka",
,"Skills: C, C++, .net, SQL.","Pune, Maharashtra",
,"Experience of using tools like git is a plus.,Strong understanding of database design; Experience of NoSQL databases is a plus.","Mumbai, Maharashtra",
Metricoid Technology Solutions Private Limited,"You will be a part of a full-stack creative team that is responsible for all aspects of the ongoing , development from the initial specification, to…","Mumbai, Maharashtra","₹30,000 - ₹45,000 a month"
Falcon unitec power systems pvt.ltd,"A person with good knowledge in C# and SQL needed, Interested candidate can mail there resume.,Job Types: Full-time, Fresher, Walk-In.","Chennai, Tamil Nadu","₹12,000 - ₹20,000 a month"
Humworld Solutions Private Limited,"Should be an individual contributor to work on any phase of the SDLC life cycle.,Strong research skills to create innovative ideas in the project.","Chennai, Tamil Nadu","₹3,00,000 - ₹3,25,000 a year"
,"Develop , Products using various languages and technology space.,The candidate will be responsible for the , design, testing and development…","Bengaluru, Karnataka",
,"Working knowledge of Designing and implementing Java-based applications.,Developing and testing software/code.,Developing documentation to assist users.","Bengaluru, Karnataka",
Karoot Software Solutions,"Net, C#, MVC, Html, CSS, JavaScript, jQuery, Bootstrap.,Total work: 1 year (Preferred).","Mumbai, Maharashtra","₹2,00,000 a month"
Amber Road India,"Should Completed the hands-on training on internal project.,BE CS - Fresher passed out on or before 2019.,Candidate should have completed training on Manual &…","Bengaluru, Karnataka",
Skillera LLC,This position would remain temporary for 3 months and if startup starts showing traction then this position could become a long term position with higher pay.,,"₹10,000 - ₹15,000 a month"
,"Expert understanding of object-oriented analysis and design using common design patterns.,Experience in Java, Spring, REST APIs, Python.","Mumbai, Maharashtra",
,Hands-on experience in development of DOT net and Java and distributed systems that work at scale with back ground strong knowledge for ERP and business…,Rajasthan,
,"A day in the life of an Infoscion • As part of the Infosys delivery team, your primary role would be to ensure effective Design, Development, Validation and…","Bengaluru, Karnataka",
JASP LABS INDIA PVT LTD,"After successful completion of training, you will be offered a full time position as an entry level , engineer.","Visakhapatnam, Andhra Pradesh",
,"Produces high-quality solution or infrastructure deliverables in accordance with project timelines and specifications, using sound coding and programming skills…","Bengaluru, Karnataka",
,"Looking for Spring Boot Microservices , with good exposure to Spring Boot, Microservices.,Spring Reactive programming and AWS is optional.","Hyderabad, Telangana",
STARLINK TECHNOLOGY OPC PVT. LTD.,"Improving system quality by identifying issues and common patterns, and developing standard operating procedures.,Providing written knowledge transfer material.","Pune, Maharashtra","₹20,000 - ₹40,000 a month"
,"You must produce clean code and thorough understanding of Object-oriented principles and design methodologies.,3 to 5 years of relevant experience.","Pune, Maharashtra",
Humworld Solutions Private Limited,"Should be an individual contributor to work on any phase of the SDLC life cycle.,Strong research skills to create innovative ideas in the project.","Chennai, Tamil Nadu","₹3,00,000 - ₹3,25,000 a year"
Elula Tech Pvt Ltd,"Knowledge with WordPress / Shopify and extensive knowledge of its architecture (actions/filters, WPDB, WP\_Query, etc) is an added advantage.","Bengaluru, Karnataka","₹25,000 - ₹50,000 a month"
Walmart Global Tech India,"Hands on in developing web applications using REST, Messaging and SOA.,1 or more years of experience with Java (Spring MVC, Hibernate) in building multi…","Chennai, Tamil Nadu",
,"Software , at IBM are the backbone of our strategic initiatives to design, code, test, and provide industry-leading solutions that make the world run…","Bengaluru, Karnataka",
DBM Enterprises,"Software development: 1 year (Preferred).,For front end and also have knowledge about backend.,Job Types: Full-time, Part-time.,Total work: 1 year (Preferred).","Navi Mumbai, Maharashtra","₹15,000 - ₹25,000 a month"
,"Designing, coding, testing, debugging,documenting and supporting all types ofapplications consistent with establishedspecifications and business requirements to…","Mumbai, Maharashtra","₹25,000 - ₹80,000 a month"
,"The Service Personnel will provide services including migration support, providing development and support related to client's Hogan ILP application.",,
Rite Concept Exim,Creating internal programmes that can help businesses be more efficient help in maintaining and updating the programme to ensure that all security problems are…,"Pune, Maharashtra","₹25,000 - ₹35,000 a month"
,"Translate architectural concepts into user flows, wireframes, mockups and prototypes that lead to intuitive user experiences and applications.","Bengaluru, Karnataka",
,,"Bengaluru, Karnataka",
,"A day in the life of an Infoscion • As part of the Infosys delivery team, your primary role would be to ensure effective Design, Development, Validation and…","Bengaluru, Karnataka",
,"Ensure products meet all relevant specifications and quality standards.,Strong , or system troubleshooting capability.","Pune, Maharashtra",
Yavda Analytics Pvt. Ltd.,"Enable client business make a better data-driven decision by developing awesome, insightful reports/dashboards.,Tableau is great. but not enough.","Hyderabad, Telangana","₹4,00,000 - ₹12,00,000 a year"
KPEC Engineers Pvt. Ltd.,"4.To develop upgrade and maintain API using django rest framework.,Work on the internet of things (IoT).,Work on interfacing with database management system …","Mumbai, Maharashtra","₹5,000 - ₹9,000 a month"
,"Should be able to translate business requirements into high level design, detail technical design and implementation.,5 to 8 years of overall IT Experience.","Mumbai, Maharashtra",
Gloify,Freshers to 2 years of experience in PHP framework.,"Bengaluru, Karnataka","₹5,00,000 a year"
,"Graduated from an engineering school or equivalent Bac + 5 in computer science, you have at least 4 years of experience and you want to join an ambitious and…","Mumbai, Maharashtra",
Humworld Solutions Private Limited,"Should be an individual contributor to work on any phase of the SDLC life cycle.,Strong research skills to create innovative ideas in the project.","Chennai, Tamil Nadu","₹3,00,000 - ₹3,25,000 a year"
AMAGI,"Passion for product quality and attention to details.,Creative with excellent problem solving and analytical skills.,Participation in open-source projects.","Bengaluru, Karnataka","₹6,36,000 - ₹7,20,000 a year"
Nyuvill Innovations,"Minimum Skill/Knowledge about Server setup(any server).,Minimum Skill/Knowledge about Webpage Applications.,Minimum Skill/Knowledge about Javascript coding.","Bengaluru, Karnataka","₹1,10,000 - ₹1,40,000 a year"
,"Determines systems , design requirements.,Generates systems , engineering policies, standards and procedures.","Mumbai, Maharashtra",
Qrio Technologies Pvt. Ltd.,"Have knowledge about BLE, Wifi, and Sub-GHz RF communication protocols.,Embedded ,: 1 year (Required).,Part-time hours: 30 per week.","Bengaluru, Karnataka","₹20,000 - ₹50,000 a month"
,"As the Virtualization Squad ,, you will be responsible for developing application development solutions for VMs and containerized applications both side…","Bengaluru, Karnataka",
Mobavenue Media Pvt Ltd,"Able to create website layout/user interface by using standard HTML/CSS practices.,Knowledge in WordPress theme development experience from Photoshop design…","Mumbai, Maharashtra","₹18,000 - ₹20,000 a month"
"ValueFin India Credit Services Private Ltd, Mumbai","Passion for best design and coding practices and a desire to develop new bold ideas.,Responsible for managing back-end services and the interchange of data…","Mumbai, Maharashtra","₹20,000 - ₹30,000 a month"
,"A day in the life of an Infoscion • As part of the Infosys delivery team, your primary role would be to ensure effective Design, Development, Validation and…","Bengaluru, Karnataka",
ARHAMSHARE CONSULTANTS PVT LTD,"Troubleshoot and test core product , to ensure strong optimization.,Contribute to all phases of the development lifecycle.","Surat, Gujarat","₹10,000 - ₹50,000 a month"
Three Meadows Software Private Limited,"2 to 6 years of experience.,Good programming skills in C/C++ with data structure, multithreading inter-process communication.,Good understanding of OS concepts.","Bengaluru, Karnataka","₹6,00,000 - ₹25,00,000 a year"
," Total 3 to 6 years of experience in , quality assurance., Perform quality assurance and give the final approval / sign off for each project delivery…","Mumbai, Maharashtra","₹5,00,000 - ₹9,00,000 a year"
,The role also requires strong understanding of the data and expertise of using the programmatic languages and tools to process/capture the data.,"Pune, Maharashtra",
[x] Cube LABS,"Taking ownership of modules, and building the foundation of new systems which are in line with improved quality, process & productivity.","Hyderabad, Telangana","₹30,000 - ₹70,000 a month"
,"Software , at IBM are the backbone of our strategic initiatives to design, code, test, and provide industry-leading solutions that make the world run…","Bengaluru, Karnataka",
Techbizbuzz Technologies LLP,"Candidate should have certification in required technologies and languages.,Candidate should be comfortable in English,Hindi and Marathi.","Virar, Maharashtra","₹5,000 a month"
Sundigital Group,"Software development: 1 year (Preferred).,We require good MYSQL Experience and SQL experience candidate with good communication skill.","Mumbai, Maharashtra","₹12,637 - ₹58,201 a month"
U GRO CAPITAL,U GRO aims to build an institutionally backed SME financing platform basis deep sectoral knowledge and cutting-edge technology.,"Mumbai, Maharashtra",
AR consultant,"Prepare or modify the low-level design document, impact analysis document based on the requirement changes.,*SE - Exp -2 to 3 yrs - 9.5 LPA *.",,"₹12,00,000 a year"
,"The Microsoft Solutions team is looking for an experienced content , to plan and create compelling content experiences to help business and technical…","Bengaluru, Karnataka",
,"This is an excellent opportunity for anyone who has, or wants to build, expertise in cloud distributed systems, or in security and compliance, or both.","Hyderabad, Telangana",
,"Demonstrate the ability to develop efficient and high quality software.,Knowledge of , configuration management and change management practices.","Mumbai, Maharashtra",
,"A day in the life of an Infoscion • As part of the Infosys delivery team, your primary role would be to ensure effective Design, Development, Validation and…","Bengaluru, Karnataka",
Client of ICG,"Java backend , and senior , in Microservice, Spring-boot, AWS and SQS.","Bengaluru, Karnataka","₹14,00,000 a year"
,"Plans, designs, develops and tests , systems or applications for , enhancements and new products including cloudbased or internetrelated tools.","Bengaluru, Karnataka",
Winning Edge Learning Pvt. Ltd,"Job Responsibilities: *Development, testing and maintenance of applications in .,Maintaining all relevant documentation for the assigned module(s).","Amritsar, Punjab","₹2,40,000 - ₹3,00,000 a year"
,"You will have an opportunity for direct impact on design, functionality, security, performance, scalability, manageability, and supportability of the Azure SQL…","Bengaluru, Karnataka",
Jupsoft Technologies Pvt.Ltd.,"And experienced on 3 Tier Architecture.,ASP.NET, SQL Server, JQuery, Java Script, Web API, WCF, C#, Web Application, Crystal Report.","Noida, Uttar Pradesh","₹10,000 a month"
Saras Webtech,"Research and remain informed of new technology and development tools.,Participate in code reviews in accordance with program specifications and coding standards…","Navi Mumbai, Maharashtra","₹12,000 a month"
AVS in-so-Tech Private Limited,"Designing database tables and structures Creating views, functions and stored procedures Writing optimized SQL queries for integration with other applications…","Navi Mumbai, Maharashtra","₹20,000 - ₹60,000 a month"
,Using internal Data Science platform that leverage proprietary and open source software/tools to ensure that models are developed in accordance with SDLC…,"Mumbai, Maharashtra",
Meridian Solutions Inc,"Familiarity with RESTful APIs to connect Android applications to back-end services.,Translate designs and wireframes into high quality code.","Calicut, Kerala","₹8,000 a month"
Upstox,"Assesses feedback and applies industry- or internal-best practices to solve technical or cognitive problems.,Pursuing a bachelor's degree or master's degree in…","Mumbai, Maharashtra",
,"Should have good working knowledge of SQL queries and Stored procedures.,Should be proficient in working with technologies like: Java, J2EE, SQL2005, SQL2008,…","Mumbai, Maharashtra","₹4,00,000 - ₹8,00,000 a year"
Investronaut,"Create and maintain digital assets, such as interface design files, wireframes, and interactive mockups using {{ design and prototyping tools: e.g., Sketch and…","Pune, Maharashtra","₹15,000 - ₹40,000 a month"
Awarebase Technology (P) Ltd.,"Net* OR *AngularJS*] and *C# *with good logical ability.,Training period is of *6 Months* max [which can be reduced on the basis of your performance].","Noida, Uttar Pradesh","₹1,80,000 - ₹2,50,000 a year"
,"A day in the life of an Infoscion • As part of the Infosys delivery team, your primary role would be to ensure effective Design, Development, Validation and…","Bengaluru, Karnataka",
Vikgol,"Integrate user-facing elements developed by front-end , with server-side logic.,Design and implement low-latency, high-availability, and performance…","Bengaluru, Karnataka","₹6,00,000 - ₹8,00,000 a year"
,"Hands-on experience and expert level knowledge in C++ is a must.,Understanding of the dynamics of introducing distributed energy resources into electric grid…","Bengaluru, Karnataka",
,"Linux, shell scripting, Java and Oracle as skillset ITIL Certified preferred Working knowledge of ITRS, Autosys, App dynamics, ServiceNow, UDeploy Should be…","Pune, Maharashtra",
"HireKhan, Inc","Job Types: Full-time, Contract.","Mumbai, Maharashtra","₹40,000 - ₹50,000 a month"
Zedex Info Pvt Ltd,Work with business users to gather functional requirements • Develop interactive client-side applications and functionality across web sites using modern…,"Mumbai, Maharashtra","₹3,00,000 - ₹4,00,000 a year"
Stamp'it Robotai & Solutions pvt ltd,"Analyzing information to recommend and plan the installation of new systems or modifications of an existing system.,Job Types: Full-time, Regular / Permanent.","Thane, Maharashtra","₹18,000 - ₹20,000 a month"
,"Good Working knowledge OO design and programming skills and ability to Understand design principles & patterns is a must.,NET framework is a must.","Bengaluru, Karnataka",
,"The team is cross-functional and includes product management and design, finance business partner, data scientist and cloud architects.","Pune, Maharashtra",
,"Willing to work on end to end implementation project.,Leading or participating in the design and architecture sessions with the clients, gathering and…","Mumbai, Maharashtra",
Adisols Technologies Private Limited,"Exclusive training will be provided by our team of Senior , and Architects who possess great experience in a wide array of industries that use…","Hyderabad, Telangana","₹3,00,000 a year"
,"Provides support for projects by completing tasks for back-end/front-end applications, associated integration, and required test harnesses based on design.","Bengaluru, Karnataka",
Meridian Solutions Inc,"Familiarity with RESTful APIs to connect Android applications to back-end services.,Translate designs and wireframes into high quality code.","Calicut, Kerala","₹8,000 a month"
,Contributing to downstream business activities such as technical publications and other technical communications’ tool development to ensure streamlined and…,"Hyderabad, Telangana",
Key Concepts Tech LLP,"*Familiarity with remote desktop applications and help desk , (eg. Zendesk).*.,Technical support: 3 years (Preferred).",,"₹10,521 - ₹30,000 a month"
Mystro,"Should have handled complex backend application projects with end to end experience from application inception, development and deployment.","Mumbai, Maharashtra","₹30,000 a month"
,"A day in the life of an Infoscion • As part of the Infosys delivery team, your primary role would be to ensure effective Design, Development, Validation and…","Bengaluru, Karnataka",
,"As a member of a project team, follows standard practices and procedures to analyze situations/data and provide quality work products to deliver functional and…","Bengaluru, Karnataka",
aezion inc,Responsible for day-to-day support and maintenance of applications as assigned and interfaces partnering with vendors to ensure quality services.,"Hyderabad, Telangana","₹30,000 - ₹50,000 a month"
MudraCircle.com,"Strong background in , engineering and design with an ability to architect reusable and modular code and adhere to modern design patterns.","Mumbai, Maharashtra","₹5,000 - ₹15,000 a month"
Infovie Software Solutions Pvt. Ltd.,"To design, develop and implement , applications and systems based on users needs.,Adhere to quality process ‣ update the defect logs, test scripts, and…","Pune, Maharashtra","₹60,000 a month"
Techno-Comp computer services pvt ltd,"Building and maintaining web applications.,Assessing the efficiency and speed of current applications.,Researching, designing, implementing, and managing…","Hyderabad, Telangana","₹35,00,000 a year"
Revolo Infotech,"At least 1-2 years experience using wordpress, WooCommerce and other relevant plugins.,Work closely with web , and clients to ensure your designs are…","Thane, Maharashtra","₹15,000 - ₹30,000 a month"
Edumyra Services Pvt Ltd,"Total work: 4 years (Preferred).,Job Title - Java , (On Contract minimum 6 Month).,*Secondary Skills: * HTML/CSS, Java script.","Pune, Maharashtra","₹10,00,000 a year"
CWD Limited,"Running test programs to ensure that testing protocols evaluate the , correctly.,Knowledge of debugging codes and , development languages.","Navi Mumbai, Maharashtra","₹15,000 - ₹20,000 a month"
Fidisys Technologies private limited,"Experience- Freshers or one and above.,Total work: 1 year (Preferred).,Temporarily due to COVID-19.","Chennai, Tamil Nadu","₹15,000 - ₹40,000 a month"
,"Proficient in building web applications using Angular or other client-side application frameworks.,Experience in developing application using Web APIs / Node JS…","Bengaluru, Karnataka",
Meridian Solutions Inc,"Familiarity with RESTful APIs to connect Android applications to back-end services.,Translate designs and wireframes into high quality code.","Calicut, Kerala","₹8,000 a month"
,"You could either be working with our Product Designers & Managers to improve the design and implementation of our existing products, build an entirely new line…","Bengaluru, Karnataka",
,"Maintain quality and ensure responsiveness of applications.,Build features and applications with a mobile responsive design.","Hyderabad, Telangana",
Success Numbers,"Total work: 3 years (Preferred).,Qualification* - If you can code then only apply (Any Degree).","Bengaluru, Karnataka","₹8,00,000 - ₹15,00,000 a year"
,"Assists in the design, definition, development, and test of the cloud computing applications development.,Mgr & Exec - Typically requires a minimum of 3 years…","Bengaluru, Karnataka",
,"A day in the life of an Infoscion • As part of the Infosys delivery team, your primary role would be to ensure effective Design, Development, Validation and…","Bengaluru, Karnataka",
,"Demonstrate ability to learn and adapt to Rackspace specific tools.,Must have excellent communication skills.,Good hands on experience on system administration …","Bengaluru, Karnataka",
Open Etechnologies,"Develop and enhance ERPNext platform via pull requests.,Customize ERP as per requirements.","Mumbai, Maharashtra",
,On successful deployment through the business our ambition is to eventually open the project to the wider community by taking the project to open source.,"Bengaluru, Karnataka",
,"Be part of a dev team of highly skilled data engineers, responsible for designing and developing cutting edge engineering products in an international team.","Bengaluru, Karnataka",
,"Understanding of , skills such as business analysis, development, maintenance, and , improvement.,Working proficiency in developmental toolsets.","Hyderabad, Telangana",
,Solid technical skills and experience in building highly reactive web application using full web technology stack.,"Mumbai, Maharashtra",
,"Personal computer and business solutions , skills.,Experience working with relational databases to facilitate programming software.","Bengaluru, Karnataka",
,"Development and Maintenance of generic , modules for both classic AUTOSAR and adaptive AUTOSAR.,Bootloader Development and Integration.","Bengaluru, Karnataka",
Meridian Solutions Inc,"Familiarity with RESTful APIs to connect Android applications to back-end services.,Translate designs and wireframes into high quality code.","Calicut, Kerala","₹8,000 a month"
DevStack Solution,"Free Certificate, Letter of Recommendation, Real , development experience.,Basic web development knowledge - HTML, CSS, Javascript, PHP/node.",,"₹3,000 a month"
Intellemo,"3.Building reusable components and front-end libraries for future use.,1.Conceptualising and Developing new user-facing features using React.js and Nextjs.","Delhi, Delhi","₹4,00,000 - ₹6,00,000 a year"
Nickelfox,"0-1 Years of experience developing backend applications.,B.Tech (IT, CS, CS & Engg) graduates or students who are in their final semester are only eligible.","Noida, Uttar Pradesh",
,"Design and develop and deploy scalable and high quality applications/Products using Python, Django, among other technologies.","Bengaluru, Karnataka","₹3,50,000 - ₹4,00,000 a year"
,"As an application ,, you will design and run applications and systems using custom technologies.,Please be aware Kyndryl will continue to use some IBM…","Bengaluru, Karnataka",
,"A day in the life of an Infoscion • As part of the Infosys delivery team, your primary role would be to ensure effective Design, Development, Validation and…","Bengaluru, Karnataka",
Darshan DesignPro,,"Belgaum, Karnataka",
Manish Software,"We are looking for a good app , who can develop mobile applications using flutter and firebase.,Fresher Android app , / iOS app developer.","Gurgaon, Haryana","₹30,000 a month"
,"Integration of user-facing elements developed by front-end developers.,Buzzworks , is a technology solutions provider for corporate telesales outfits.","Mumbai, Maharashtra","₹2,50,000 - ₹4,50,000 a year"
Kruti Systems,"Knowledge of programming patterns or architectural patterns will be considered as positive trait.,University Degree in , engineering or equivalent…","Mumbai, Maharashtra",
,Deep hands-on experience in applications integration using Open-Source and commercial middleware with expertise in MuleSoft.,"Bengaluru, Karnataka",
Walmart Global Tech India,"Hands on in developing web applications using REST, Messaging and SOA.,Our teams collaborate across the globe to build and deploy solutions that enhance our…","Bengaluru, Karnataka",
Niveosys,"Will be working as Project Associate Trainee under the guidance /supervision of a lead mentor and contribute to the development of , applications across…","Pune, Maharashtra",
,"The Company's portfolio includes gaming machines, game content and systems; table games products and utilities; instant and draw-based lottery games; server…","Bengaluru, Karnataka","₹2,00,000 - ₹10,00,000 a year"
SGK,Assists other IT groups and customers to define the system design and user interface based on customer needs and objectives.,"Chennai, Tamil Nadu",
Hydrotec Solutions,"Tech or MSc Computer Science.,Job Types: Full-time, Fresher.","Kolkata, West Bengal","₹10,000 a month"
,"A day in the life of an Infoscion • As part of the Infosys delivery team, your primary role would be to ensure effective Design, Development, Validation and…","Bengaluru, Karnataka",
,"As a , ,, you will be involved in all phases of the , development lifecycle; working towards properly engineered information systems,…",India,
Invogue creations,"Job Types: Full-time, Contract.,Manual testing: 1 year (Preferred).,Total work: 1 year (Preferred).","Mumbai, Maharashtra",
,"Relevant years of experience in web applications development using Java Struts / Spring Framework with expertise on JavaScript, Core Java, J2EE and other…","Bengaluru, Karnataka",
,"Works cross-functionally to understand business requirements, evaluate alternative approaches and ensure , and systems are designed to facilitate…","Mumbai, Maharashtra",
PRIME EDGE INFO SOLUTIONS PVT LTD,"5)Ability to Understrand or adapt to new technology.,4)Strong Logical and Mathematical Processing Skills.,1)Strong in C and C++ programming(C without C++ is…","Chennai, Tamil Nadu",
Onward Group,"Web application development using Python.,SQL Server, PostgreSQL or other Databases.,Database migration experience (nice to have).","Bengaluru, Karnataka","₹10,00,000 - ₹16,00,000 a year"
,"Participate in application design, data warehouse design, Code, unit test and debugging of the code.,The role is an integral part of the organization’s overall…","Bengaluru, Karnataka","₹4,00,000 a year"
RoaDo,"To maintain quality and ensure responsiveness of the applications.,Working with ReactJS, Redux to design, develop and build web applications.","Bengaluru, Karnataka","₹3,00,000 - ₹5,00,000 a year"
Inkoop,"If you have applied for an Internship before with us.,Added advantage if you know React, Node or Vue.,Open to learning new tools and technologies.","Bengaluru, Karnataka","₹15,000 a month"
BM Coder,"Good knowldge of HTML and CSS.,Total work: 1 year (Preferred).","Ahmedabad, Gujarat",
Octopus Manpower Consultancy,"Job Types: Full-time, Internship, Fresher.,Total work: 1 year (Preferred).","Kolkata, West Bengal","₹10,000 - ₹25,000 a month"
Stock Holding,"Experience Required 2-3 Years.,Reading / Writing files using UTL_FILE , SQL tuning.,Modify existing codes to optimize ORACLE applications.","Mumbai, Maharashtra",
,Candidates need to clear an aptitude test in order to get qualified for a 1 Month training program in Finacus followed by a personal round of interview for…,"Mumbai, Maharashtra","₹20,000 - ₹25,000 a month"
,"A day in the life of an Infoscion • As part of the Infosys delivery team, your primary role would be to ensure effective Design, Development, Validation and…","Bengaluru, Karnataka",
Internet Apex,"Basic knowledge of image authoring tools, to be able to crop, resize, or perform small adjustments on an image.,Total work: 1 year (Preferred).","Mumbai, Maharashtra","₹18,000 - ₹20,000 a month"
,"Experience: 1+ years in VB.net, ASP.net application development & SQL server.,Tech / B.Sc(IT) / B.sc (Comp) or similar.","Mumbai, Maharashtra",
Tekpillar,"Aligning application design with business goals.,Designing and implementing Java-based applications.,Defining application objectives and functionality.","Pune, Maharashtra","₹5,00,000 a year"
bTranz,3.Strong understanding of ARM-based microcontroller and must have worked on any of the 8/16/32 bit microcontrollers for data acquisition using ADC and…,"Hyderabad, Telangana",
Medical Electronic Systems,"Job Types: Full-time, Fresher.,Total work: 1 year (Required).","Chennai, Tamil Nadu","₹15,000 - ₹25,000 a month"
shree associate,"Larawal (php)/bootstrap: 3 years (Preferred).,Part-time hours: 90 per week.,Job Types: Full-time, Part-time, Walk-In.","Kalyan, Maharashtra","₹15,000 - ₹30,000 a month"
Mark Web Solutions,"Managing Multiple website on HTML, WordPress, Shopify and any other opensouce platform.,Email Designing based on given graphic on HTML or any online platform…","Mumbai, Maharashtra","₹10,000 - ₹12,000 a month"
,"Identify associates and team priorities based on business direction and adjust when needed.,Write code, test and debug new software.","Bengaluru, Karnataka",
Anzil Soft Pvt Ltd,"Mobile App development using ReactJS.,Sharp learner of new technologies.,The candidate should have a strong knowledge of the following things:","Pune, Maharashtra",
,"Experience using CICS, COBOL and DB skills for applications running in Mainframe environment.,2-4 Years of Mainframe , Experience.","Bengaluru, Karnataka",
Design Studio arts,"Part-time hours: 48 per week.,Job Types: Full-time, Part-time, Internship, Commission.,Total work: 1 year (Preferred).,CSS/CSS3: 1 year (Preferred).","Bengaluru, Karnataka","₹8,086 - ₹36,218 a month"
AltraDimension Technologies Private Limited,"Ø 2-4 years of experience building successful production , systems. and/or developing large scale web applications.,Temporarily due to COVID-19.","Bengaluru, Karnataka","₹4,00,000 - ₹8,00,000 a year"
Nellai Software Pvt Ltd,"To quickly understand the requirement and design appropriate logic.,Proactiveness in bringing in new ideas and features.,Total work: 1 year (Preferred).","Tirunelveli, Tamil Nadu","₹12,000 a month"
,Proficient in designing and developing business intelligence / data warehousing / reporting applications that utilize specialized tools/products from Microsoft…,"Hyderabad, Telangana",
IYCON INDIA PVT LTD.,"Always have an “End User First” approach, to ensure that the applications being developed are simple to use and value-adding for the end-user.","Mumbai, Maharashtra","₹30,000 a month"
,"Minimum 4-6 years of experience developing flexible, scalable and robust applications supporting the financial services sector.","Mumbai, Maharashtra",
,"A day in the life of an Infoscion • As part of the Infosys delivery team, your primary role would be to ensure effective Design, Development, Validation and…","Bengaluru, Karnataka",
Metricoid Technology Solutions Private Limited,"Test and develop , for client applications.,Strong knowledge of PHP coding and web-based applications.,Create documentation for , created.","Navi Mumbai, Maharashtra","₹30,000 - ₹45,000 a month"
,"Analysing Business Requirements, assessing the quality of these to ensure they are Cohesive, Comprehensive, Concise, Clear and Correct, and assures the work of…","Navi Mumbai, Maharashtra",
Vidya Systems,"Minimum 1 + years Years of experience in .Net.,Net platform and programming experience in ASP, C# , Vb .Net.,Proficiency in Blazor, Razor, Xamarine, MVC.","Pune, Maharashtra","₹15,000 - ₹20,000 a month"
,"Excellent communication and teamwork skills.,Mostly concentrated on 2019,2020,2021 passed out freshers. *.,This is a Train and Hire module.*.","Chennai, Tamil Nadu","₹3,50,000 - ₹4,00,000 a year"
,"Net , create applications from scratch, configure existing systems and provide user support.,A net , is responsible for producing code using .…","Mumbai, Maharashtra","₹7,50,000 a month"
BVR Projects Pvt Ltd,,"Hyderabad, Telangana","₹20,000 - ₹30,000 a month"
,"Performs network product design, development, testing, documentation, and analysis of , applications.,Duties include designing application, writing code,…","Bengaluru, Karnataka",
,,"Navi Mumbai, Maharashtra",
Millennium,"Integration with other Microsoft 365 products – Flow, PowerApps, Power BI etc..,Hands-on experience with developing Plugins, Custom workflows, Custom dashboards…","Bengaluru, Karnataka",
RebarMan Software,"NET with Auto CAD Programming.,SQL will be added advantage.,Job Types: Full-time, Walk-In.,Sanitation and masking will be carried out.","Chennai, Tamil Nadu","₹15,000 - ₹50,000 a month"
Confer Global,"Collaborate with Front-end , to integrate user-facing elements with server side logic.,As a Back-end ,, you’ll work closely with our…","Pune, Maharashtra",
,"Mean/men/Node (Backend developer/full stack developer)*.,Thorough understanding of the Request Lifecycle (including Event Queue, Event Loop, Worker Threads, etc…","Mumbai, Maharashtra","₹8,00,000 - ₹11,00,000 a year"
,Provide end to end functional planning across specific expertise areas in global delivery based on scope of work and localization requirements.,"Bengaluru, Karnataka",
Infiniti Software Solutions," Hand on and implements complex AngularJS applications, directives, controllers, services., Make design and technical decisions for AngularJS projects.","Chennai, Tamil Nadu","₹6,00,000 a year"
,"Overall an industry experience of 6+ years in the Digital space along with Drupal Experience of 3+ years minimum,.","Mumbai, Maharashtra",
,"A day in the life of an Infoscion • As part of the Infosys delivery team, your primary role would be to ensure effective Design, Development, Validation and…","Bengaluru, Karnataka",
,"Should have experience in API developing custom application using MTA multi threaded application.,Propose design or architectural alternatives if required.","Mumbai, Maharashtra",
,"Experience developing custom , tools to assist in performing reverse engineering and debugging.,Binary Patch Diffing to identify and exploit n-day…","Delhi, Delhi","₹20,132 - ₹1,00,015 a month"
CloudThat Technologies Pvt. Ltd.,"Founded by Bhavesh Goswami, an ex-Amazonian who was part of the AWS product development team, he brings in 17 years of experience in IT Training and Consulting…","Bengaluru, Karnataka",
DATADOT SOFTWARE SOLUTIONS,"B.tech. degree in Computer Science, Computer Engineering or related field of study Knowledge of computer architecture Familiarity with benchmarks and computer…","Hyderabad, Telangana","₹45,000 - ₹65,000 a month"
XLJ Ventures Pvt Ltd,,"Thiruvananthapuram, Kerala","₹12,000 - ₹25,000 a month"
Triwits Technologies,"Iii. Researching, designing, implementing and managing , programs.,Iv. Testing and evaluating new programs.,Vi. Writing and implementing efficient code.","Bijapur, Karnataka",
,"The ideal candidate is excited by technology, enjoys new challenges, passionate about learning and should view every customer interaction as an opportunity to…","Gurgaon, Haryana",
Cms Technologies,"Convert PSD to HTML to an interactive website.,Knowledge on different creative design formats like AI/PSDs.,Exposure and basic working knowledge to jQuery.","Kochi, Kerala","₹10,000 - ₹15,000 a month"
Mahathi Infotech Pvt Ltd,"Collaborate with other team members and stakeholders.,Profile server resource usage, and optimize and tweak as necessary.,Job Types: Full-time, Walk-In.","Coimbatore, Tamil Nadu","₹2,50,000 a year"
Beesbuzz Smart Technologies,"Skills expected : Java, Spring Boot, BigQuery, any RDBS, and react js(optional).,Graduation : BE, MCA, Msc, MBA, Bsc, Diploma in computer science.","Chennai, Tamil Nadu","₹25,933 - ₹1,06,401 a month"
MAG Studios,"Experience in mySQL - with excellent command over stored procedures and triggers.,Experience in PHP - Codeigniter Framework.","Delhi, Delhi","₹12,000 - ₹24,000 a month"
,"3-5 years of experience as a Backend developer.,In-depth understanding of application server development, relational databases, TCP/IP networking and common…","Mumbai, Maharashtra",
VHS Consulting india pvt ltd,"Job Types: Full-time, Regular / Permanent.,Total work: 2 years (Preferred).","Bengaluru, Karnataka","₹4,02,752 - ₹15,73,661 a year"
WLC TECHNOLOGY LLP,"Testing & fixing bugs or other coding issues.,Writing clean, functional code on the front-end.,2+ years of overall experience.","Mumbai, Maharashtra","₹30,000 - ₹50,000 a month"
,"A day in the life of an Infoscion • As part of the Infosys delivery team, your primary role would be to ensure effective Design, Development, Validation and…","Bengaluru, Karnataka",
Iteanz Technologies,"Assure that all user input is validated before submitting to the back-end.,Collaborate with other team members and stakeholders.,Job Types: Full-time, Fresher.","Bengaluru, Karnataka","₹15,000 - ₹30,000 a month"
,Comfortable interacting with other departments and management - Ability to work with different internal teams (other departments managements).,"Mumbai, Maharashtra",
Zetta Women,"3 Deliver high quality solutions to our clients by adhering to , design, development, and testing best practices.,Temporarily due to COVID-19.","Mumbai, Maharashtra","₹1,00,000 a month"
,,"Bengaluru, Karnataka",
Vibry Bussiness Solutions,"BE/B.TECH/M.TECH/BCA/MCA/2019.20/21 PASS OTS ONLY.,JAVA/PYTHON/TESTING/DOT NET/SALESFORCE.,Job Types: Full-time, Fresher.,Total work: 1 year (Preferred).","Bengaluru, Karnataka","₹25,000 a month"
JJSoftTechno,"Good knowledge in other .net technologies.,String logical skills and interested in programming or coding.,From Computer science background academically.","Chennai, Tamil Nadu","₹12,095 - ₹57,043 a month"
Infochola,"Net , to build , using languages and technologies of the .,Net , designs, modifies, develops, writes and implements , programming…",India,
,"Documentation of , components and applications using UML diagrams.,Ability to develop high quality , as per the design.","Bengaluru, Karnataka",
,"Provides support for projects by completing tasks for back-end/front-end applications, associated integration, and required test harnesses based on design.","Bengaluru, Karnataka",
